<?xml version="1.0" encoding="UTF-8"?>
<project-private xmlns="http://www.netbeans.org/ns/project-private/1">
    <editor-bookmarks xmlns="http://www.netbeans.org/ns/editor-bookmarks/2" lastBookmarkId="0"/>
    <open-files xmlns="http://www.netbeans.org/ns/projectui-open-files/2">
        <group>
            <file>file:/C:/Users/Tuf%20Gaming/Documents/NetBeans21Projects/FitnessCenter/src/GUI/WorkoutTrainerSelection.java</file>
            <file>file:/C:/Users/Tuf%20Gaming/Documents/NetBeans21Projects/FitnessCenter/src/Resources/pic04.png</file>
            <file>file:/C:/Users/Tuf%20Gaming/Documents/NetBeans21Projects/FitnessCenter/src/Resources/pic02.png</file>
            <file>file:/C:/Users/Tuf%20Gaming/Documents/NetBeans21Projects/FitnessCenter/src/GUI/WorkoutCustomerSelection.java</file>
            <file>file:/C:/Users/Tuf%20Gaming/Documents/NetBeans21Projects/FitnessCenter/src/GUI/userDashboard.java</file>
            <file>file:/C:/Users/Tuf%20Gaming/Documents/NetBeans21Projects/FitnessCenter/src/GUI/trainerScheduling.java</file>
            <file>file:/C:/Users/Tuf%20Gaming/Documents/NetBeans21Projects/FitnessCenter/src/GUI/WorkoutManagement.java</file>
            <file>file:/C:/Users/Tuf%20Gaming/Documents/NetBeans21Projects/FitnessCenter/src/GUI/WorkoutGenerator.java</file>
            <file>file:/C:/Users/Tuf%20Gaming/Documents/NetBeans21Projects/FitnessCenter/src/Resources/pic01.png</file>
            <file>file:/C:/Users/Tuf%20Gaming/Documents/NetBeans21Projects/FitnessCenter/src/Resources/pic03.png</file>
            <file>file:/C:/Users/Tuf%20Gaming/Documents/NetBeans21Projects/FitnessCenter/src/GUI/AttendanceSheet.java</file>
            <file>file:/C:/Users/Tuf%20Gaming/Documents/NetBeans21Projects/FitnessCenter/src/GUI/AttendanceRecording.java</file>
            <file>file:/C:/Users/Tuf%20Gaming/Documents/NetBeans21Projects/FitnessCenter/src/Model/MySQL.java</file>
        </group>
    </open-files>
</project-private>
